B,seed,kappa,delta,alpha,T_eff
8,0,74.34729766845703,0.4948912262916565,0.7034172854262256,4.9618764023762196e-05
8,1,87.3508529663086,0.4990234076976776,0.6951022751170364,1.2311308637436014e-05
8,2,44.160037994384766,0.4920489490032196,0.7091770775946709,4.514669853961095e-05
8,3,31.420761108398438,0.4611838459968567,0.7739585172265526,0.00018108071526512504
8,4,46.37770080566406,0.4470044672489166,0.805186690573053,1.653996150707826e-05
8,5,16.38597869873047,0.4960609972476959,0.7010563814964539,0.00010465474042575806
8,6,60.56110763549805,0.4960421323776245,0.7010944115550443,9.347450395580381e-05
8,7,133.56785583496094,0.48894673585891724,0.7155017200638718,5.3610165196005255e-05
8,8,19.434057235717773,0.4889979958534241,0.7153968879749172,0.00011318072210997343
8,9,53.824710845947266,0.49970829486846924,0.6937307610729926,3.75502095266711e-05
8,10,26.36602210998535,0.484319806098938,0.7250098340661365,4.8014298954512924e-05
8,11,80.17234802246094,0.4900364279747009,0.71327554783524,9.808967297431082e-05
8,12,69.85892486572266,0.4831296503543854,0.7274702341149545,0.0001297731214435771
8,13,21.84521484375,0.4950607419013977,0.7030748130298983,5.062245691078715e-05
8,14,24.393770217895508,0.49929386377334595,0.6945604512099204,3.736987855518237e-05
8,15,39.59661865234375,0.47766709327697754,0.7388412467094692,4.872272984357551e-05
8,16,20.420635223388672,0.4935508370399475,0.7061294121619262,0.00012351467739790678
8,17,9.8832368850708,0.49799734354019165,0.6971605362283526,2.2888207240612246e-05
8,18,17.5793399810791,0.4939655661582947,0.7052894683566652,1.4746226952411234e-05
8,19,26.829782485961914,0.4942958354949951,0.7046210837603565,2.892484189942479e-05
8,20,178.81211853027344,0.49580907821655273,0.7015643493095612,4.866304516326636e-05
8,21,101.12870788574219,0.4939894378185272,0.7052411429569434,6.905588634253945e-06
8,22,35.83577346801758,0.4944295287132263,0.7043506482604984,7.353587534453254e-06
8,23,19.84139060974121,0.4958845376968384,0.7014121662578194,1.3239837244327646e-05
8,24,67.16077423095703,0.49599260091781616,0.7011942698728775,0.00013618121738545597
8,25,28.741762161254883,0.49869608879089355,0.6957584092703308,5.838048764417181e-06
8,26,31.32210350036621,0.48739093542099,0.7186887357871345,4.4660970161203295e-05
8,27,13.87427806854248,0.48575109243392944,0.7220589417638011,5.300568773236591e-06
8,28,63.009521484375,0.4953421354293823,0.7025065724845663,5.7557896070647985e-05
8,29,24.336360931396484,0.49787357449531555,0.6974091006623006,3.475070479908027e-05
16,0,15.24387264251709,0.47828811407089233,0.7375419789686727,1.126229835790582e-05
16,1,64.32581329345703,0.4955841302871704,0.7020181509521652,1.6937930524818512e-07
16,2,30.68950080871582,0.4966431260108948,0.6998835671275275,6.28206180408597e-06
16,3,7.514472484588623,0.4911500811576843,0.7110055336211513,2.1908681446802802e-05
16,4,22.895845413208008,0.49872201681137085,0.6957064189959664,1.9786929783549567e-07
16,5,14.170140266418457,0.49053749442100525,0.7122535616729078,9.396720088261645e-06
16,6,63.23834228515625,0.4985150098800659,0.6961215799431386,7.272989023476839e-05
16,7,14.809537887573242,0.4701152443885803,0.7547774135080735,5.725302798964549e-06
16,8,39.131893157958984,0.4981752336025238,0.6968033891470039,1.5876412362558767e-05
16,9,19.031410217285156,0.47681331634521484,0.740630235044617,4.055728823004756e-06
16,10,20.147022247314453,0.4870837330818176,0.7193192341659609,3.4712095384747954e-06
16,11,27.042911529541016,0.4813016355037689,0.7312611045825038,1.5064557373989373e-05
16,12,12.162331581115723,0.4798411726951599,0.7343001200548628,2.0700173990917392e-05
16,13,54.18485641479492,0.49634891748428345,0.700476136901168,1.768451875250321e-05
16,14,42.142051696777344,0.47532185912132263,0.7437631062633161,1.697205880191177e-05
16,15,10.174775123596191,0.4994441270828247,0.6942595448421077,8.607116797065828e-06
16,16,21.56085777282715,0.4828453063964844,0.7280589532409035,3.19351747748442e-05
16,17,10.256707191467285,0.4930114150047302,0.7072229510396887,1.0161828868149314e-05
16,18,23.292722702026367,0.4919757843017578,0.7093257825999829,4.5772949874844926e-07
16,19,37.861881256103516,0.4955996870994568,0.7019867605843753,9.514172234048601e-06
16,20,19.76432991027832,0.4826347231864929,0.728495178138112,1.2225810678501148e-05
16,21,33.76759719848633,0.4997425377368927,0.6936622377053197,9.339016173726122e-07
16,22,59.08294677734375,0.4882768988609314,0.7168726183497762,8.056763363128994e-07
16,23,151.2056884765625,0.4771888256072998,0.7398430056140639,2.724874320847448e-06
16,24,10.950267791748047,0.4801599383354187,0.7336360257151556,3.686048103190842e-06
16,25,17.136629104614258,0.48317480087280273,0.7273767842329988,1.1248303053434938e-06
16,26,22.66464614868164,0.4869335889816284,0.7196275327926431,3.0128483103908366e-06
16,27,22.227630615234375,0.49821531772613525,0.6967229304883392,9.413598490937147e-06
16,28,31.68120765686035,0.4925852417945862,0.7080877535606077,3.411116995266639e-05
16,29,62.50520706176758,0.4857032895088196,0.7221573569360151,1.0684667586247087e-06
32,0,16.56696128845215,0.48393380641937256,0.7258071452148344,2.7039877750212327e-06
32,1,45.97806167602539,0.4973928928375244,0.6983750363407195,4.05181399543153e-09
32,2,14.986519813537598,0.49865972995758057,0.6958313197254474,6.929303708602674e-07
32,3,20.91644859313965,0.49464088678359985,0.7039232609475646,3.2066909625427797e-06
32,4,43.26324462890625,0.45152950286865234,0.795114564143312,2.1748255107922887e-07
32,5,16.055679321289062,0.4940156936645508,0.7051879937471001,5.430992587207584e-06
32,6,41.268959045410156,0.48147130012512207,0.730908654660345,7.125448746592156e-07
32,7,14.614885330200195,0.47817784547805786,0.7377725540188815,2.0596530703187454e-06
32,8,29.328224182128906,0.49471384286880493,0.7037757787894453,6.500356448668754e-07
32,9,14.756793975830078,0.4974827766418457,0.6981943427981527,6.74840862302517e-07
32,10,16.060001373291016,0.4842084050178528,0.7252398760624311,1.0261511533826706e-06
32,11,18.184925079345703,0.4864945411682129,0.7205295980393498,3.633479991549393e-06
32,12,18.947526931762695,0.4924773573875427,0.7083067942744962,2.1141381694178563e-06
32,13,16.515033721923828,0.4976158142089844,0.6979269570955611,6.610046511923429e-06
32,14,19.722658157348633,0.4897270202636719,0.7139071446188738,4.009363692603074e-06
32,15,20.387537002563477,0.49086862802505493,0.7115787470186234,2.8664831575042626e-07
32,16,46.8913459777832,0.4946737587451935,0.7038568069397233,9.395084816787858e-07
32,17,12.451601028442383,0.4968563914299011,0.6994542454851147,2.940865215350641e-06
32,18,100.291015625,0.49993014335632324,0.6932869036081073,1.5504076245065335e-08
32,19,16.74735450744629,0.47955605387687683,0.7348944908092908,8.694777307027834e-07
32,20,15.421142578125,0.4928397834300995,0.7075711406582381,1.4953564004827058e-06
32,21,8.098567008972168,0.49948573112487793,0.6941762476181126,4.099258266165862e-09
32,22,21.529726028442383,0.4877823293209076,0.7178860191108575,3.649888071777241e-07
32,23,33.03434753417969,0.49127840995788574,0.7107442854955283,5.653078005707357e-08
32,24,14.64233684539795,0.4852542281150818,0.7230823436992976,1.403985493197979e-06
32,25,13.733002662658691,0.49534547328948975,0.7024998340130683,2.1089462620693666e-08
32,26,12.078292846679688,0.492531418800354,0.70819702588629,1.8196027440353646e-06
32,27,19.112491607666016,0.49020981788635254,0.7129217797607545,5.261808382783784e-06
32,28,14.489263534545898,0.4930855333805084,0.707072624287255,2.4648993530718144e-06
32,29,28.120954513549805,0.49027836322784424,0.7127819609583994,2.2210849692783086e-06
64,0,27.11554527282715,0.496953547000885,0.6992587240528239,5.749922706854704e-07
64,1,5.883227348327637,0.49368172883987427,0.7058642430311306,2.559826239867391e-10
64,2,15.157059669494629,0.4795488119125366,0.7349095923161201,6.812059609728749e-07
64,3,8.845492362976074,0.4763449430465698,0.7416130169315251,1.6862297798070358e-06
64,4,20.17044448852539,0.4837210476398468,0.7262468862693265,7.226942244642487e-08
64,5,8.58552074432373,0.49064522981643677,0.7120339585486309,8.386581384911551e-07
64,6,31.67107582092285,0.49611321091651917,0.7009511304862144,1.4188648478352661e-08
64,7,11.222259521484375,0.49666184186935425,0.6998458831149295,4.207746684414815e-08
64,8,16.605892181396484,0.4873156249523163,0.7188432653078853,6.904086262693454e-07
64,9,17.047048568725586,0.4856799840927124,0.7222053409125668,2.1653228099438593e-09
64,10,10.475566864013672,0.4928601384162903,0.7075298400844173,8.215330922212161e-07
64,11,15.465721130371094,0.4510364830493927,0.7962070490718107,1.1658605671982514e-06
64,12,10.200681686401367,0.4958701431751251,0.701441194649602,1.0409710284875473e-06
64,13,11.406229019165039,0.4839435815811157,0.7257869460411277,1.8160515082854545e-06
64,14,13.677345275878906,0.49023115634918213,0.7128782514640112,8.994273343887471e-07
64,15,23.939590454101562,0.4960496425628662,0.701079271453228,1.7557681530888658e-07
64,16,76.85617065429688,0.499198317527771,0.6947518322695939,5.567448013721332e-08
64,17,28.3769474029541,0.4945269525051117,0.7041536248443001,7.367940497715608e-07
64,18,1.0,0.4943212866783142,0.7045695953069323,3.261151765299175e-11
64,19,35.71458053588867,0.4862273931503296,0.7210788773661024,7.16214003659843e-07
64,20,14.051745414733887,0.49883103370666504,0.6954878503781439,1.0956955520668998e-07
64,21,1.5102252960205078,0.48346057534217834,0.7267855075536362,6.119285633765514e-11
64,22,17.030746459960938,0.47783225774765015,0.7384955332934621,3.3737734383976203e-07
64,23,2.5526678562164307,0.4923131465911865,0.7086402881439328,1.5232888561644842e-10
64,24,13.81374454498291,0.48278674483299255,0.7281802449140394,2.4782835339465237e-07
64,25,13.371820449829102,0.4950316548347473,0.7031335692969994,1.1712046443790314e-07
64,26,12.49803352355957,0.4910944998264313,0.7111187057014833,5.273504966041287e-10
64,27,33.57375717163086,0.4918920397758484,0.7094960179183096,3.527664830471622e-06
64,28,26.06679916381836,0.45569908618927,0.7859225860044775,8.277023084701796e-07
64,29,27.489643096923828,0.49332714080810547,0.7065827533868686,9.596809604772716e-07
128,0,31.05628204345703,0.49896174669265747,0.6952258461036935,8.043665644663633e-08
128,1,inf,0.4986989200115204,0.6957527320399419,2.306051400183251e-12
128,2,11.71408748626709,0.4883039593696594,0.716817199469697,1.2161024187662406e-07
128,3,8.548500061035156,0.4643383324146271,0.7671418277805965,9.66326410889451e-07
128,4,12.27175521850586,0.469006210565567,0.7571392684794659,7.700584347958284e-08
128,5,10.349382400512695,0.49960577487945557,0.6939359417914012,9.075575491124255e-08
128,6,18.778310775756836,0.48520174622535706,0.7231905029381782,8.904790793629047e-10
128,7,21.40768814086914,0.49887797236442566,0.6953937574963324,3.0536210715581547e-07
128,8,1.0,0.4982328414916992,0.6966877580302365,4.741610923342243e-11
128,9,8.559820175170898,0.4814170002937317,0.7310214399780695,1.5392764396437997e-08
128,10,13.304830551147461,0.4961094856262207,0.7009586394664291,7.29901827867252e-09
128,11,20.323665618896484,0.4864162504673004,0.7206905392104306,2.185952752142839e-07
128,12,14.942704200744629,0.4957182705402374,0.7017475165750594,4.2417076429046574e-07
128,13,29.390522003173828,0.48492133617401123,0.7237685946550797,1.0918781754298834e-06
128,14,12.219493865966797,0.47098731994628906,0.7529241068858815,3.102608729932399e-07
128,15,70.4285659790039,0.48834365606307983,0.7167359077267694,7.052631190163083e-08
128,16,27.59223175048828,0.4908430278301239,0.7116309012225267,1.6611558795176506e-09
128,17,11.582534790039062,0.49023932218551636,0.7128615944885831,2.7013092207539557e-08
128,18,inf,0.4978926181793213,0.697370851354083,7.933416293695594e-13
128,19,31.892417907714844,0.4887316823005676,0.7159416470538177,5.977003070256615e-08
128,20,8.497923851013184,0.4887942373752594,0.7158136605247282,2.2420131529088394e-08
128,21,4.282675743103027,0.4979437589645386,0.697268142141132,1.7885429248742923e-10
128,22,10.115777969360352,0.486637145280838,0.7202365151696176,2.411286459391704e-07
128,23,inf,0.49456721544265747,0.7040722110843716,2.7445703695838652e-11
128,24,12.001236915588379,0.4971187710762024,0.6989263054272686,3.3493613216251106e-08
128,25,inf,0.49744582176208496,0.6982686292943636,1.223082225776384e-11
128,26,inf,0.4960889220237732,0.7010000900519006,9.272983422792258e-12
128,27,11.698427200317383,0.49574023485183716,0.7017032095032377,2.354478390032e-09
128,28,14.850884437561035,0.4973459839820862,0.6984693502487533,2.573568167463236e-07
128,29,28.3875789642334,0.48558610677719116,0.7223986500720156,4.6448576540569775e-07
256,0,38.797401428222656,0.49531805515289307,0.7025551870886918,2.4234608986262174e-08
256,1,inf,0.49819833040237427,0.6967570274194572,6.333873855089711e-13
256,2,10.91870403289795,0.49435120820999146,0.7045090666043718,1.5641502670860064e-07
256,3,8.290543556213379,0.4969613552093506,0.6992430120266768,3.288759558017773e-07
256,4,7.172841548919678,0.4894748032093048,0.7144222928833046,3.017901661905853e-08
256,5,20.25946617126465,0.45903363823890686,0.7786317856833275,2.0132372924308584e-07
256,6,57.012001037597656,0.49899914860725403,0.6951508894299596,6.092277260449919e-08
256,7,12.729497909545898,0.49553656578063965,0.7021141322120784,1.4894267508225312e-07
256,8,19.69683837890625,0.4852762222290039,0.72303701979644,1.0993495003219778e-08
256,9,inf,0.48750168085098267,0.7184615406507255,8.847543357670684e-12
256,10,14.300086975097656,0.49077099561691284,0.7117776640266834,2.1589304566305145e-08
256,11,5.627219200134277,0.48599308729171753,0.7215608788623923,8.484918323503621e-10
256,12,10.357123374938965,0.4956006407737732,0.7019848363026946,2.240754639615261e-07
256,13,8.36776065826416,0.48689529299736023,0.7197061831284395,3.1171498449111823e-07
256,14,19.575136184692383,0.486795037984848,0.7199121110496203,1.2172827723588853e-07
256,15,14.861348152160645,0.47832632064819336,0.7374621002297896,2.9040256421808408e-08
256,16,21.193397521972656,0.49110889434814453,0.7110893950275441,7.939083701558047e-08
256,17,13.993660926818848,0.4962208867073059,0.7007341152864602,2.2884685257906767e-09
256,18,1.6239780187606812,0.4934302866458893,0.7063736932160714,6.654806566919191e-11
256,19,16.4370174407959,0.49687904119491577,0.6994086603841412,1.7332009161208362e-09
256,20,14.150524139404297,0.49580392241477966,0.7015747481279911,1.1444081238209947e-08
256,21,inf,0.4970097839832306,0.6991455669963158,3.0253290107459807e-13
256,22,14.264694213867188,0.4761028289794922,0.7421214208134045,2.784869934657763e-07
256,23,inf,0.49617069959640503,0.7008352590519583,1.8686484651309065e-11
256,24,17.5661678314209,0.49899163842201233,0.695165940040325,5.764734023472329e-09
256,25,1.6397439241409302,0.49918344616889954,0.6947816231960978,7.356175391048936e-11
256,26,inf,0.4822777509689331,0.7292350840744675,3.7001811662405737e-13
256,27,11.384305953979492,0.49901527166366577,0.6951185791625213,2.7506953159672776e-08
256,28,12.4942045211792,0.4920981824398041,0.7090770245943571,1.0020236373975422e-07
256,29,14.576678276062012,0.49900543689727783,0.6951382877042457,9.160075475911356e-10
512,0,30.593711853027344,0.4904325604438782,0.7124675008793228,7.701432269691111e-10
512,1,41.14146423339844,0.4980475902557373,0.6970596437607873,1.4198128228670726e-09
512,2,11.34968090057373,0.4938625693321228,0.7054980002314817,4.358319216635209e-08
512,3,10.553816795349121,0.49988529086112976,0.6933766251580825,1.3642026885918312e-07
512,4,9.15849781036377,0.48607850074768066,0.7213851439530833,4.3785801651097245e-09
512,5,21.485502243041992,0.4969194531440735,0.6993273321281412,4.41026699604663e-08
512,6,40.21435546875,0.4991750717163086,0.694798399639512,1.656504622360444e-07
512,7,15.882328987121582,0.49362361431121826,0.7059819665482294,6.587782053202318e-08
512,8,18.098480224609375,0.49469947814941406,0.7038048156319594,3.833196160485386e-08
512,9,5.25349235534668,0.4832197427749634,0.7272837748043167,3.0580576959593486e-10
512,10,30.043725967407227,0.4955015778541565,0.7021847408495409,1.939803873085566e-08
512,11,12.619542121887207,0.49681997299194336,0.6995275458860862,1.484852019117966e-09
512,12,12.873418807983398,0.49201270937919617,0.7092507307519322,1.1246771691730828e-07
512,13,17.760284423828125,0.49644899368286133,0.7002745325307494,1.9049335264753608e-07
512,14,14.148110389709473,0.49446403980255127,0.7042808508820186,5.976748695957212e-08
512,15,14.644373893737793,0.4933101534843445,0.7066171881763519,6.940906072117059e-09
512,16,8.714261054992676,0.49839556217193604,0.6963612156979399,9.426415914504105e-08
512,17,1.0,0.49882155656814575,0.6955068492533274,5.866758467920619e-11
512,18,inf,0.49295496940612793,0.7073374490581941,1.2005153815497493e-11
512,19,10.805750846862793,0.4998975396156311,0.6933521223278106,1.6703259220207656e-08
512,20,14.45910930633545,0.492522269487381,0.7082156021589988,1.8110245747493536e-08
512,21,inf,0.496168851852417,0.7008389830675643,1.0266922945492696e-13
512,22,7.323573589324951,0.48614639043807983,0.721245485544571,3.2184013787350807e-10
512,23,1.0,0.4984453320503235,0.6962613604879113,3.75041490918715e-11
512,24,12.318482398986816,0.49127644300460815,0.7107482892481365,3.376579016389769e-09
512,25,15.529459953308105,0.4936484694480896,0.7059316154093986,9.235255049588886e-08
512,26,inf,0.4907039999961853,0.711914184307141,6.376129279509618e-14
512,27,16.031658172607422,0.4953047037124634,0.7025821427391874,9.003120027273326e-09
512,28,11.062508583068848,0.4746902287006378,0.7450928377937914,3.836829876036063e-08
512,29,18.925790786743164,0.4956466555595398,0.7018919941109028,1.1052495807462037e-08
